Founder_1_Description,Founder_1_LinkedIn,Founder_1_Name,Founder_2_Description,Founder_2_LinkedIn,Founder_2_Name,Founder_3_Description,Founder_3_LinkedIn,Founder_3_Name,Founder_4_Description,Founder_4_LinkedIn,Founder_4_Name,Founder_5_Description,Founder_5_LinkedIn,Founder_5_Name,Founder_6_Description,Founder_6_LinkedIn,Founder_6_Name,Founder_7_Description,Founder_7_LinkedIn,Founder_7_Name,activity_status,batch,company_linkedin,company_twitter,description,founded_date,founders,generated_description,group_partner,group_partner_yc,headline,links,location,logo,logo_path,name,social_links,status,tags,team_size,website
,,,,,,,,,,,,,,,,,,,,,Active,S13,,,"7 Cups of Tea is an on-demand emotional health and well-being service. Our bridging technology anonymously & securely connects real people to real listeners in one-on-one chat.

Anyone who wants to talk about whatever is on their mind can quickly reach out to a trained, compassionate listener through our network. We have hundreds of listeners who come from all walks of life and have diverse experiences.

People connect with listeners on 7 Cups of Tea for all kinds of reasons, from big existential thoughts to small, day-to-day things that we all experience. Unlike talking to family or friends, a 7 Cups of Tea listener doesnât judge or try to solve problems and say what to do. Our listeners just listen. They understand. They give you the space you need to help you clear your head.",,[],"**7 Cups: A Modern Approach to Emotional Well-Being**

**Overview**  
Founded in Virginia Beach, VA, 7 Cups started as ""7 Cups of Tea"" and has evolved into a leading platform for on-demand emotional support. As part of Y Combinator's Batch S13, the company’s mission is straightforward: to help people feel heard during tough times by connecting them with trained listeners who provide compassionate, non-judgmental support.

**What They Do**  
At its core, 7 Cups connects individuals seeking someone to talk to with trained listeners via an anonymous chat platform. This service is available 24/7, allowing anyone to reach out whenever they need. The conversations range from addressing deep existential issues to discussing everyday concerns, all without the pressure of judgment or the need for solutions—just a space to vent, reflect, and be heard. 

The platform not only facilitates these interactions but also offers online therapy with licensed professionals for users looking for more structured support. Additionally, it promotes community by providing forums and support groups on various topics, including anxiety, depression, and relationships, ensuring that users can find their tribe.

**Key Features**  
- **Free Chat**: Immediate access to listeners.
- **Affordable Therapy**: Access to licensed therapists for personalized guidance at a low monthly fee.
- **Diverse Support Options**: Self-help guides, community forums, and special programs for teenagers.
- **Inclusivity**: Multiple languages supported, making emotional support accessible globally.

**Achievements**  
7 Cups has built a solid reputation, as evidenced by its stellar ratings—4.5 on the App Store and 4.7 on Trustpilot. Over its decade-long journey, it has facilitated staggering interactions: over 1.8 billion messages exchanged and touched over 72 million lives. This impressive impact has not gone unnoticed, with the organization receiving numerous awards for its innovative approaches to mental health, including recognition from the World Economic Forum and healthcare design awards.

**Team & Culture**  
With a compact team of just 11 members, 7 Cups maintains a culture of compassion and accessibility. They foster a community-oriented approach, valuing both the mental well-being of users and the empowerment of their volunteer listeners.

**Conclusion**  
If you’re in need of someone to talk to, 7 Cups offers a blend of community support and professional guidance, all rooted in empathy and understanding. Check them out at [7cups.com](http://7cups.com), and remember: sometimes, all you need is a cup of kindness.",,,7 Cups is an emotional support service that matches up people thatâ¦,https://www.ycombinator.com/companies/7cups,"Virginia Beach, VA",https://bookface-images.s3.us-west-2.amazonaws.com/logos/fffe9fa306e67febc964d6b8ea1f7b607f49be60.png?X-Amz-Algorithm=AWS4-HMAC-SHA256&X-Amz-Credential=ASIAQC4NIECAJMV6TLGB%2F20250221%2Fus-west-2%2Fs3%2Faws4_request&X-Amz-Date=20250221T190937Z&X-Amz-Expires=3600&X-Amz-Security-Token=IQoJb3JpZ2luX2VjELP%2F%2F%2F%2F%2F%2F%2F%2F%2F%2FwEaCXVzLXdlc3QtMiJGMEQCIFLa1ybFb1MW3YWarl6N2DZLtQ4R6h64JtRzg2nxAowaAiB3nTk9Wj2wgaQBuQdmXKSYUK01s%2FfzNcIsI%2FpnnVYrDCruAwjc%2F%2F%2F%2F%2F%2F%2F%2F%2F%2F8BEAAaDDAwNjIwMTgxMTA3MiIMbK4eHGyZbeOmKiEOKsIDEgeFqYzoIm9WYPES%2BanLfTcQEGyzIks%2Fal2Lmqxe4p56ewXYsETQE6xKLCXrmvzZNyUDpx5dtkyRoWAO6FYyXXGaPQzEZ3lyFdj%2BxmzYPjn73zyfO0POWT06n60Ss4FWi%2BsXTCqzCDlztmj5P3pe%2BccFf3AJ6Fob0iUEcgWZg86XqS2niw4lXPnalb%2Boq3NuXvHl2oVLzjcW3kqbNIZD4bJeuP%2BaiX3YtJ%2BJXjqRV4JMYzbegC89ld8%2FQ6Niu9GP6iWyA3Ij%2Frc6v9eF94GLnVFmDUIq%2FgOldm3US8WLOYW64cbfEYgRv4%2BZqFOZik7gMqvr0%2BAMO66zctStkeS7pQEndome2HMXzolZnAHIKHa7syJwRucmMBn1qLVqGHDFwDTWD66ZqASdClXaJEb6qKYFGBQM0HPz9IZYPkFD7FlZyifcWNrFEjlM4LJiyAQcunx30b5EMcz8oT7YjYIo5Bb2DOsnIt6uAdkOmUPUmY%2FzM3PmuL6ZYePw7XBzfBYcfiNqZPHWFO6x0%2FmP5sl5TFTspcBFiC1tU5q9L40pvlUpeAHA0lByHoziRM9b9aIUnBzO8cEmGGLYvEv9AlDEIduUMLKL470GOqYBeuzvU%2B1K1xvzamOk1TaDeko%2BJlQ8xUgcguCKvnE%2BpYSn9MQz0SIXrm4hUrSnIO%2FjFoTZ4esBSlXTCkXH%2F6%2BRHttOAoEAfv1XQWO8%2Bsv2qVS97SrODEBLVhY1tfEFQcw%2BZ93GUo5LYHe1U2PubGkf9wTLJ5AZCq5Vr1%2FKLwVlulVfHEhtz4E3fzOL1TPO7tIclZor0kZmzjAwtkky7VHrQVXehNV3Gw%3D%3D&X-Amz-SignedHeaders=host&X-Amz-Signature=ea49d8bbf6f428fbe94eb39c4b3de8abf8fe65247accb4d3631352a25969074c,data/logos\7cups_logo.png,7cups,['https://www.crunchbase.com/organization/7-cups-of-tea'],True,industry:mental-health-tech,11.0,http://7cups.com
,,,,,,,,,,,,,,,,,,,,,Active,S13,,,"Asseta is an online marketplace for used capital equipment and parts.  We utilize innovative software to bring buyers and sellers together so you can efficiently and transparently collaborate during equipment transactions.  Our web based platform ensures easy price discovery for interested parties and high touch customer service.

Today over $100B is spent on used manufacturing equipment offline via brokers and middlemen. This huge but un-sexy market has yet to be transformed by technology. The incumbent firms rely on large sales forces and the fragmentation of the market to charge huge margins.   We believe in a better solution.

Founded in 2013, Asseta is Y Combinator backed startup based in Newport Beach.  For more information, visit www.asseta.com.

Check out our AngelLilst profile here:  https://angel.co/asseta?ref=startup_card",2013.0,"[{'name': 'Garrett Beck, Founder', 'description': 'Founder of Asseta', 'linkedin': 'https://www.linkedin.com/in/garrett-beck-22022521/'}]","Asseta is redefining the marketplace for industrial spare parts and capital equipment. Founded in 2013 and backed by Y Combinator, the company is based in Newport Beach, California, and employs a small, dedicated team of four. At their core, Asseta aims to streamline the process of buying and selling used manufacturing equipment, a market that, surprisingly, sees over $100 billion spent each year through traditional brokers and middlemen.

What makes Asseta stand out? For starters, their innovative online platform leverages technology to facilitate transactions transparently and efficiently. This isn’t just about convenience; it challenges the traditional high-margin practices of incumbents that rely on large sales forces and a fragmented market. Asseta believes there's a better way.

The company offers over 450,000 listings from various suppliers—including fabs, refurbishers, and dealers—making it easier for users to discover the parts they need. With features like easy quote requests, price comparisons, and quick delivery options, Asseta provides a compelling alternative to the chaos previously associated with industrial equipment transactions.

For buyers, Asseta promises significant savings—between 40% to 60% on parts—while ensuring fast, high-touch customer service. Their platform is designed to help users find the specific parts they need without endlessly combing through listings. For sellers, the company provides an efficient way to reach a broader audience and simplify the quoting process.

If you're in the market for industrial parts and equipment or simply curious about how this space is being modernized, explore more at [asseta.com](http://www.asseta.com) or check out their [AngelList profile](https://angel.co/asseta?ref=startup_card). In a sector that many overlook, Asseta is making waves—and it might just be worth watching.",,,Marketplace for industrial spare parts and capital equipment.,https://www.ycombinator.com/companies/asseta,"Newport Beach, CA",https://bookface-images.s3.us-west-2.amazonaws.com/logos/ff4dbada312cd2a8f54942526d0d25ec05f24997.png?X-Amz-Algorithm=AWS4-HMAC-SHA256&X-Amz-Credential=ASIAQC4NIECAJMV6TLGB%2F20250221%2Fus-west-2%2Fs3%2Faws4_request&X-Amz-Date=20250221T191007Z&X-Amz-Expires=3600&X-Amz-Security-Token=IQoJb3JpZ2luX2VjELP%2F%2F%2F%2F%2F%2F%2F%2F%2F%2FwEaCXVzLXdlc3QtMiJGMEQCIFLa1ybFb1MW3YWarl6N2DZLtQ4R6h64JtRzg2nxAowaAiB3nTk9Wj2wgaQBuQdmXKSYUK01s%2FfzNcIsI%2FpnnVYrDCruAwjc%2F%2F%2F%2F%2F%2F%2F%2F%2F%2F8BEAAaDDAwNjIwMTgxMTA3MiIMbK4eHGyZbeOmKiEOKsIDEgeFqYzoIm9WYPES%2BanLfTcQEGyzIks%2Fal2Lmqxe4p56ewXYsETQE6xKLCXrmvzZNyUDpx5dtkyRoWAO6FYyXXGaPQzEZ3lyFdj%2BxmzYPjn73zyfO0POWT06n60Ss4FWi%2BsXTCqzCDlztmj5P3pe%2BccFf3AJ6Fob0iUEcgWZg86XqS2niw4lXPnalb%2Boq3NuXvHl2oVLzjcW3kqbNIZD4bJeuP%2BaiX3YtJ%2BJXjqRV4JMYzbegC89ld8%2FQ6Niu9GP6iWyA3Ij%2Frc6v9eF94GLnVFmDUIq%2FgOldm3US8WLOYW64cbfEYgRv4%2BZqFOZik7gMqvr0%2BAMO66zctStkeS7pQEndome2HMXzolZnAHIKHa7syJwRucmMBn1qLVqGHDFwDTWD66ZqASdClXaJEb6qKYFGBQM0HPz9IZYPkFD7FlZyifcWNrFEjlM4LJiyAQcunx30b5EMcz8oT7YjYIo5Bb2DOsnIt6uAdkOmUPUmY%2FzM3PmuL6ZYePw7XBzfBYcfiNqZPHWFO6x0%2FmP5sl5TFTspcBFiC1tU5q9L40pvlUpeAHA0lByHoziRM9b9aIUnBzO8cEmGGLYvEv9AlDEIduUMLKL470GOqYBeuzvU%2B1K1xvzamOk1TaDeko%2BJlQ8xUgcguCKvnE%2BpYSn9MQz0SIXrm4hUrSnIO%2FjFoTZ4esBSlXTCkXH%2F6%2BRHttOAoEAfv1XQWO8%2Bsv2qVS97SrODEBLVhY1tfEFQcw%2BZ93GUo5LYHe1U2PubGkf9wTLJ5AZCq5Vr1%2FKLwVlulVfHEhtz4E3fzOL1TPO7tIclZor0kZmzjAwtkky7VHrQVXehNV3Gw%3D%3D&X-Amz-SignedHeaders=host&X-Amz-Signature=aad575dcf107ba4b42989798056db3df3d63fc15fa870c4e2bd4e138e4a42739,data/logos\Asseta_logo.png,Asseta,['https://www.crunchbase.com/organization/asseta'],True,industry:marketplace; industry:b2b,4.0,http://www.asseta.com
,,,,,,,,,,,,,,,,,,,,,Active,S13,,,"Cratejoy is the only all-in-one subscription box solution to help you launch, grow and scale your company. We provide the leading subscription box platform that allows you to launch and grow your business faster and more efficiently - no coding or plug-ins required.

We support over 2,500 companies on our platform and over 1 million subscribers on the Cratejoy Marketplace. Founded in 2014, Cratejoy is headquartered in Austin, TX",,"[{'name': 'Amir Elaguizy, Founder/CEO', 'description': 'CEO Cratejoy\nCEO Fun Country\nChief Strategy Overmoon\nCTO MarketZero (Acq. Zynga, 2011)', 'linkedin': 'https://www.linkedin.com/in/amirelaguizy/'}]","Cratejoy is a dynamic platform founded in 2014, based in Austin, Texas, focused entirely on subscription box businesses. Think of it as the go-to tool for anyone looking to launch, grow, and scale a subscription model without needing coding skills or additional plug-ins. Their mission? To simplify the subscription box experience for both sellers and customers alike.

Currently, Cratejoy supports over 2,500 companies and boasts a thriving community of more than 1 million subscribers through its marketplace. It’s a one-stop shop for unique subscription boxes that cater to virtually every interest—whether you’re into gourmet food, self-care, or niche hobbies.

Being a product of Y Combinator's Batch S13, Cratejoy stands out in the burgeoning subscription industry by providing not only a platform for sales but also a curated shopping experience for customers looking to discover new products. Their website, [cratejoy.com](http://cratejoy.com), is a vibrant marketplace showcasing a wide range of offerings grouped by category, helping shoppers find the perfect gift or treat for themselves.

With a team of about 51 people, Cratejoy is not just about selling boxes; it's about building a community where diverse brands can flourish and customers can connect with their interests and passions. They provide essential features for sellers, making it easy to manage subscriptions and facilitate growth.

If you're interested in starting your own subscription business, joining the ranks of Cratejoy’s sellers could be a great opportunity. Whether you’re a budding entrepreneur or just looking for your next favorite box to try, Cratejoy is a platform worth exploring.",,,Cratejoy is the platform for subscriptions,https://www.ycombinator.com/companies/cratejoy,"Austin, TX",https://bookface-images.s3.us-west-2.amazonaws.com/logos/a249c0864d5e65dfbfb34789219b84a11711e6a2.png?X-Amz-Algorithm=AWS4-HMAC-SHA256&X-Amz-Credential=ASIAQC4NIECAJMV6TLGB%2F20250221%2Fus-west-2%2Fs3%2Faws4_request&X-Amz-Date=20250221T191107Z&X-Amz-Expires=3600&X-Amz-Security-Token=IQoJb3JpZ2luX2VjELP%2F%2F%2F%2F%2F%2F%2F%2F%2F%2FwEaCXVzLXdlc3QtMiJGMEQCIFLa1ybFb1MW3YWarl6N2DZLtQ4R6h64JtRzg2nxAowaAiB3nTk9Wj2wgaQBuQdmXKSYUK01s%2FfzNcIsI%2FpnnVYrDCruAwjc%2F%2F%2F%2F%2F%2F%2F%2F%2F%2F8BEAAaDDAwNjIwMTgxMTA3MiIMbK4eHGyZbeOmKiEOKsIDEgeFqYzoIm9WYPES%2BanLfTcQEGyzIks%2Fal2Lmqxe4p56ewXYsETQE6xKLCXrmvzZNyUDpx5dtkyRoWAO6FYyXXGaPQzEZ3lyFdj%2BxmzYPjn73zyfO0POWT06n60Ss4FWi%2BsXTCqzCDlztmj5P3pe%2BccFf3AJ6Fob0iUEcgWZg86XqS2niw4lXPnalb%2Boq3NuXvHl2oVLzjcW3kqbNIZD4bJeuP%2BaiX3YtJ%2BJXjqRV4JMYzbegC89ld8%2FQ6Niu9GP6iWyA3Ij%2Frc6v9eF94GLnVFmDUIq%2FgOldm3US8WLOYW64cbfEYgRv4%2BZqFOZik7gMqvr0%2BAMO66zctStkeS7pQEndome2HMXzolZnAHIKHa7syJwRucmMBn1qLVqGHDFwDTWD66ZqASdClXaJEb6qKYFGBQM0HPz9IZYPkFD7FlZyifcWNrFEjlM4LJiyAQcunx30b5EMcz8oT7YjYIo5Bb2DOsnIt6uAdkOmUPUmY%2FzM3PmuL6ZYePw7XBzfBYcfiNqZPHWFO6x0%2FmP5sl5TFTspcBFiC1tU5q9L40pvlUpeAHA0lByHoziRM9b9aIUnBzO8cEmGGLYvEv9AlDEIduUMLKL470GOqYBeuzvU%2B1K1xvzamOk1TaDeko%2BJlQ8xUgcguCKvnE%2BpYSn9MQz0SIXrm4hUrSnIO%2FjFoTZ4esBSlXTCkXH%2F6%2BRHttOAoEAfv1XQWO8%2Bsv2qVS97SrODEBLVhY1tfEFQcw%2BZ93GUo5LYHe1U2PubGkf9wTLJ5AZCq5Vr1%2FKLwVlulVfHEhtz4E3fzOL1TPO7tIclZor0kZmzjAwtkky7VHrQVXehNV3Gw%3D%3D&X-Amz-SignedHeaders=host&X-Amz-Signature=6317251abc7a25c0a51ff4a5457a1ecf678803014d50a77e491deb3d1f30ab45,data/logos\Cratejoy_logo.png,Cratejoy,"['https://www.linkedin.com/company/cratejoy/', 'https://twitter.com/cratejoy', 'https://www.crunchbase.com/organization/cratejoy', 'https://github.com/cratejoy']",True,industry:subscriptions; location:austin,51.0,http://cratejoy.com
,,,,,,,,,,,,,,,,,,,,,Active,S13,,,"EasyPost is the missing API that makes it quick and painless to integrate shipping into your application.

Some of the biggest names in retail rely on EasyPost to ship faster, smarter and cheaper. We manage the headaches involved with dated carrier technology so our customers can focus on what makes their business great. Integrate once with EasyPost and seamlessly add carriers, generate shipping labels, track packages in near real-time and insure your shipments.

EasyPost is growing fast! Check out our jobs page and join the excitement: https://www.easypost.com/jobs",,"[{'name': 'Jarrett Streebin, Founder/Title', 'description': 'Founder and CEO of EasyPost', 'linkedin': 'https://www.linkedin.com/in/jstreebin'}]","**EasyPost Summary**

EasyPost is a San Francisco-based company that aims to simplify the often comically complex world of shipping logistics. Their mission? To create ""the shipping infrastructure of the internet."" Founded in the Y Combinator Batch S13, EasyPost started as a seamless API solution that enables developers to easily integrate shipping functionalities into their applications. This means businesses can stop wrestling with outdated technology and focus on scaling and enhancing their core activities.

With just one integration, users can access a plethora of carriers, generate shipping labels, track packages in real time, and even insure their shipments. Some of the biggest names in retail, including Walmart, eBay, and Starbucks, rely on EasyPost to ship their products smarter, faster, and cheaper. 

As of now, EasyPost employs a team of 51 dedicated individuals and is actively growing. They provide an array of services, including discounted shipping rates, return shipping options, and various APIs like tracking, address verification, and shipping insurance—all designed to streamline operations for businesses of all sizes, from small shops to massive enterprises.

For those intrigued by the fast-paced world of logistics, EasyPost offers various job opportunities. You can explore careers at EasyPost [here](https://www.easypost.com/jobs).

In sum, if you’re looking for a reliable, efficient way to manage shipping logistics and save money while doing so, EasyPost stands ready to be your partner. By leveraging their technology, users can expect better rates, real-time insights, and a significant reduction in logistical headaches. Dive in and explore what they have to offer—shipping has never been easier!

For more information, visit their website at [easypost.com](http://easypost.com).",,,The shipping infrastructure of the internet.,https://www.ycombinator.com/companies/easypost,San Francisco,https://bookface-images.s3.us-west-2.amazonaws.com/logos/e4dfdac8bc58faa9bee19d9836af534bec1097f0.png?X-Amz-Algorithm=AWS4-HMAC-SHA256&X-Amz-Credential=ASIAQC4NIECAKBB576US%2F20250221%2Fus-west-2%2Fs3%2Faws4_request&X-Amz-Date=20250221T191131Z&X-Amz-Expires=3600&X-Amz-Security-Token=IQoJb3JpZ2luX2VjELP%2F%2F%2F%2F%2F%2F%2F%2F%2F%2FwEaCXVzLXdlc3QtMiJHMEUCIFRjVxB%2FHxIJHUHkMazoRi02jYmaJVJGr3K7C9j9jiflAiEA6iszI4%2Fpn8hDzk7aMP6LlnqynbPgCG20CpdZqslTFdsq7gMI3P%2F%2F%2F%2F%2F%2F%2F%2F%2F%2FARAAGgwwMDYyMDE4MTEwNzIiDNVC6v4lNMvTlUOjTyrCA7R4NjcD6pWk9Gjux5NdrMhwU67pNo%2F0JVDzkHcTjBsajnWXpXoyD3m%2FssX0rwYmnUDJB9VTgD%2FW2M8cWxeD93WFxLjs25juzzGj1%2BC1Ky9E0oNPwn5jGw%2BjokWylkxcouU18mjUtP8juH4uF9Xfmm%2FMAgvOPsNSAaYBQ%2BdA5Vwom66MCzynAPEJs6Nqxd5FqtgiiWFRhT5L9g%2FvfLTKqpdIg0XPF6s95lLCtwWDHST72Bn9JVH2zZmqjTgO2sao7Rg4M%2BPIRazg8JhbPoWk6xsB2yfG1f%2Bs8AFVxihyUnQj6TUnhrhezs7WYsaTfaaAoTIzhEsLwJDqBQDSptmSlUj%2BQ3KWwrXpJIm0b1uOmaylnrEpn5obECdRc%2FzdEfNt6DNEE5cbUhQo8Gjfd6MWfyV7JHtX7DwsLMssQPKNZ6qWJq2gP1fVHFkz5K0F%2F73p54AKB5gCkyOeRPJHmAzYMdfZpMF%2B8hE4eZU6k7m1EqPLEW2F9HVvcqPFp8T%2BZgbbDLBVWICSdX%2FfJ%2BniwyC72aHLaqjCxHLvJ6WyAawaepaDD9csEvz4DYD9lpHx9hJXqrFDyrT1vAaaBwuoXgulZ6gNmjCmiuO9BjqlATnnhPFnQUT7QmhXwrAFbGCqdgkRFIVCdDrNmasZJtz86frmIpB%2BlwZjavL0FMq46mN9RKFTuRNdMnOtOh1adMI%2BkC%2F%2Bs3m8pwR56JxErG%2B8nIBe7efeu5WiUZbGCsp85oXBCGY%2FoP1uWrJo843L0LVdmjtyXaDurxXSgzfeZo2RDONME7LNkPzuGzA19XefIc9OvA1QFcZr3VIdZe%2BLywfFgDpgwA%3D%3D&X-Amz-SignedHeaders=host&X-Amz-Signature=bf529691071c608f6a94057259e5cbd7a29f169f42002782b51d369d9db5ae06,data/logos\EasyPost_logo.png,EasyPost,"['https://www.linkedin.com/company/easypost/', 'https://twitter.com/easypost', 'https://www.facebook.com/easypostco/', 'https://www.crunchbase.com/organization/easypost', 'https://github.com/EasyPost']",True,industry:logistics; industry:supply-chain; location:san-francisco-bay-area,51.0,http://easypost.com
,,,,,,,,,,,,,,,,,,,,,Active,S13,,,"Estimote, Inc. is the creator of SpaceTimeOS, a revolutionary operating system installed directly on physical spaces to make them programmable and interactive. 

Small sensors are attached to walls and items. They talk to each other and communicate with  with servers. A digital copy of the physical space is created in the cloud, allowing for inch-precise and real-time tracking of assets, people, and vehicles. When they move or interact with each other pre-programmed actions are triggered as defined in the apps ""installed"" in different rooms or places. Apps can be downloaded from the marketplace of create by developers using JavaScript and a robust API.

The system utilizes wireless technologies such as Bluetooth and Ultra Wideband to automate processes and track the movement of objects. SpaceTimeOS allows for the creation of smart workplace applications and the digital twinning of entire businesses and supply chains, as well as the blending of physical and digital data.",2012.0,"[{'name': 'Lukasz Kostka, Founder/CTO', 'description': 'Co-Founder & CTO @ Estimote', 'linkedin': 'https://www.linkedin.com/in/lukaszkostka/'}, {'name': 'Jakub Krzych, Founder/CEO', 'description': 'Co-Founder and CEO of Estimote, Inc (YC S13), a location intelligence platform and pioneer of beacons.\nJakub has graduated Physics and Computer Science on Jagiellonian University in Kraków, Poland.', 'linkedin': 'https://www.linkedin.com/in/krzych'}]","**Estimote, Inc.** is a company that emerged from the innovative Y Combinator Batch S13 in 2012, located in Kraków, Poland. Its mission centers around revolutionizing location intelligence through a platform known as **SpaceTimeOS**. This operating system brings physical spaces to life, making them programmable and interactive, essentially creating a digital twin of the real world.

At the heart of Estimote's technology are small sensors that can be attached to walls and objects. These sensors communicate with each other and the cloud to enable inch-precise, real-time tracking of assets, people, and vehicles. Imagine walking into a room, and the space instantly recognizes your presence, triggering predefined actions—all thanks to these tiny devices and the powerful programming capabilities offered through JavaScript and a robust API.

Estimote's system harnesses cutting-edge wireless technologies, particularly **Ultra Wideband (UWB)** and Bluetooth, to automate tasks and track movements with remarkable accuracy. This technology is not just about finding lost items; it serves a multitude of applications, from smart workplace solutions to enhancing supply chain logistics. 

Why is this important? With the rise of remote work and the need for smarter ways to manage physical spaces, the relevance of Estimote's offerings has never been clearer. They support various industries—healthcare, logistics, retail, and hospitality, among others—proving particularly valuable during the pandemic for applications like contact tracing and enforcing social distancing.

The company boasts a team of about 40 skilled professionals and has partnered with major players like **Apple, Amazon, and Nike**, showcasing the versatility and scalability of its technology in real-world scenarios. 

If you're intrigued and want to dive deeper into the world of UWB tracking, Estimote offers a development kit at an accessible price point—perfect for developers looking to innovate without needing prior embedded systems expertise. The kit includes three UWB Tags, an API access, and support documentation, making it a comprehensive starting point for exploring location-based applications.

In a nutshell, Estimote, Inc. is at the forefront of blending the digital and physical worlds through innovative location technology—tailoring solutions to fit the evolving needs of businesses and industries in an increasingly interconnected world. For more information, you can check out their website at [estimote.com](http://estimote.com).",,,Location intelligence platform,https://www.ycombinator.com/companies/estimote-inc,"Kraków, Poland",https://bookface-images.s3.us-west-2.amazonaws.com/logos/25b9647a23c65fdf57b3817fd09748ec42cc5f30.png?X-Amz-Algorithm=AWS4-HMAC-SHA256&X-Amz-Credential=ASIAQC4NIECAEHIR6H6F%2F20250221%2Fus-west-2%2Fs3%2Faws4_request&X-Amz-Date=20250221T191321Z&X-Amz-Expires=3600&X-Amz-Security-Token=IQoJb3JpZ2luX2VjELP%2F%2F%2F%2F%2F%2F%2F%2F%2F%2FwEaCXVzLXdlc3QtMiJIMEYCIQDt736ZW5EfzagAz1eKRSs%2FW4TfHu28RBSFaRNkZ9h47gIhANt6WXtwkgL07bQKDKYDGFxYKx7WOO9JX0BqaYrXnKNbKu4DCNz%2F%2F%2F%2F%2F%2F%2F%2F%2F%2FwEQABoMMDA2MjAxODExMDcyIgx8TqkMwTM2PLcRmr4qwgPGGtQBXv7gs7%2BXGteI1gQk%2FjkbIHwQ5hCKXJKVmVAPw3MeVLhZyp8Nf5%2FYigbwE%2BrFR7aZWKjrs7HxAE0JWit5dlINZLjZK%2BS%2FwMaCqoj%2BFDN0gw9iiAPu4Xn5c3b%2BuZe%2F5%2Flfk0EuxZAXVsZtShxXZy%2FERPQ0v%2FRZxSz5qUoaXpL1zj6VWdWVzoI7%2FPlB3bgJ2PpiF7DN%2BJeDsJPx%2FoKTo5ehP9pOeGbMNxoeegVJsCJ3zvzO3o4fcZYIf6c5iIJwM1Ot3Gg7Z3v9oLZjSRU%2FaRLL5j4n3II7DaroOCEVfPlWzTyZM7SNFZZAFSKM8vLKj1VdTr9s3How41zluf%2FOIp7sGNhG%2FjuYJoG%2FmkLFIlYP4wbGrLO69AWnenZyfi1UhAiV6N%2BlAqGnqvpOJh4vq8uNh2eRnXR%2BMVXdq9oVYkm7XFgprL5PDC4ULLyBWqA6kca4z7F4H56nkT%2FsDtT8ek2VOIRIv1Zgcz%2BeeVG7F7AHS4bdbR6eZ3ChY1iQhfPBErh4OiFQM7IqiUKw%2B1CTpvL68xcVN5gjiaDH0Jotw%2BUcW9dMSg9py8xH8qgyiWG5w3dDj9xaoA2G3NMYq6JOGKMwwIrjvQY6pAHDH54nhADhmb7YSEGxHkL3pqs%2B6aYOExStWbzLKzRb3lb2DAgGG8uU9COt8%2FqUEOtOcszTKp7yuCJwMVkfI7PDZ74h9uiRkRxjtH7%2BLlE1xrfd%2FrIq%2B%2BZr9hSFqZ9MUQ4yNHesyx2FYDbsIfCW9ntlrpmZUHCcrzpQDfufsAFcpe%2FudVT3tUqiF8WCN1Vd%2Bx%2FQ9d3i1HvBcJWV9AYAwM0W22VM%2BA%3D%3D&X-Amz-SignedHeaders=host&X-Amz-Signature=e74618760dada46be272de2b8527479ef44b71ae5940eb370f9d9d1558f1dada,"data/logos\Estimote,_Inc._logo.png","Estimote, Inc.","['https://twitter.com/estimote', 'https://facebook.com/estimote', 'https://www.crunchbase.com/organization/estimote', 'https://github.com/Estimote']",True,industry:developer-tools; industry:indoor-mapping; industry:iot,40.0,http://estimote.com
,,,,,,,,,,,,,,,,,,,,,Active,S13,,,"Lob provides the building blocks for developers to automate the offline world. Enterprise companies use Lobâs suite of APIs to mail fully dynamic and personalized customer communications with print media. We provide insight into deliverability with piece-by-piece tracing and utilize our proprietary Print Delivery Network to streamline production across fully redundant nodes all over the country. 

Founded in 2013 and based in San Francisco, Lob is venture backed by Y Combinator, Polaris Partners, Floodgate, and First Round Capital.

Find out more about Lob and what weâre up to by following our blog: https://lob.com/blog or visiting our website: https://lob.com.",,"[{'name': 'Harry Zhang, Founder', 'description': 'Founder of Lob (YC S13)', 'linkedin': 'https://linkedIn.com/in/zhangha'}]","### Company Overview: Lob

**Overview**  
Founded in 2013 and based in San Francisco, Lob is a cutting-edge automation platform that reimagines direct mail. Its mission is to simplify and enhance offline communications through technology by offering a suite of APIs that allow enterprises to manage fully dynamic and personalized customer interactions with printed media. This isn’t just about sending mail; it’s about automating the entire process to drive real engagement and results.

**What They Do**  
Lob enables businesses to incorporate direct mail into their marketing strategies seamlessly. They focus on three key aspects:

1. **Automation**: By integrating directly with existing digital tools, Lob allows for hyper-targeted mailings that scale effortlessly.
2. **Measurement**: Their platform provides analytics to track and measure the success of each campaign, ensuring businesses can adapt and optimize their strategies in real-time.
3. **Streamlined Delivery**: With their proprietary Print Delivery Network, they ensure high deliverability and quick turnaround times, taking logistical headaches off customer plates.

**Team and Culture**  
With a team of 150 employees and backing from notable investors like Y Combinator and First Round Capital, Lob has positioned itself as a leader in the direct mail automation sector. They’ve been recognized multiple times as one of the best places to work in the Bay Area, highlighting their commitment to a strong workplace culture that emphasizes innovation and employee satisfaction.

**Looking Ahead**  
Lob aims to reinvent direct mail, catering to 12,000+ businesses, including major names like New York Times and Lemonade. They keep evolving their offerings, always pushing for better ways to connect direct mail with digital campaigns, ultimately driving higher ROIs for their clients.

**Get Involved**  
Anyone interested in learning more about Lob, including insights on their latest developments, can visit their [website](https://lob.com) and check out their [blog](https://lob.com/blog).

The traditional mailbox is seeing a revival, and with Lob at the helm, it’s turning into a dynamic channel that complements digital marketing strategies. If businesses want to cut through the noise, Lob offers the tools to make that happen—efficiently, effectively, and beautifully.",,,Lob is the only automation platform that transforms direct mail intoâ¦,https://www.ycombinator.com/companies/lob,San Francisco,https://bookface-images.s3.us-west-2.amazonaws.com/logos/8604221215200f5059cfa35daba30eeb0c960597.png?X-Amz-Algorithm=AWS4-HMAC-SHA256&X-Amz-Credential=ASIAQC4NIECANZTIEPER%2F20250221%2Fus-west-2%2Fs3%2Faws4_request&X-Amz-Date=20250221T191512Z&X-Amz-Expires=3600&X-Amz-Security-Token=IQoJb3JpZ2luX2VjELP%2F%2F%2F%2F%2F%2F%2F%2F%2F%2FwEaCXVzLXdlc3QtMiJGMEQCIFK7AaY6pLW7VXlabKqUnsti6Yla%2FSCoewpy2UpIVCaCAiA8ht7ARDxEtPYflXgJ6GN5bEZeebWfnDTKyeidmcTC1CruAwjc%2F%2F%2F%2F%2F%2F%2F%2F%2F%2F8BEAAaDDAwNjIwMTgxMTA3MiIMCT%2BNNvy1oYZVQ2WfKsIDC8tFQP9udIDUz7fPe0Dzhi3kRbDHT6z1su5L4S2TNId9sdGLXlMH5QJEjIRQ0rRGFxtFwHq3Ei%2FFUMz8Ks%2BREJfMgSTVpukyJgwEShybEje0ZmE8QmQZfZHBoB3xkrE%2BBayG5FX4vDwLgpeUOm2x0Sme6SqEGp0U2HdP5J9we04xpSN6O3pOAmTuuCsb%2BQPYCH1mXWSVmvNh2pUbfVpEuA1sb0Wiptbpfnhy4N1sMbsvgcVHnJWsfFM7KpvOlLi74Nr4Vc0xdBaCVKFI%2F41dQ8B4Kzz9dYpoaJusn%2BzTCogghYP7kOh6JJVWY35TuATGcnfRj43am6HEi642klk52iMuE3ArHBew3k4kXFjbnK43UVyRzTS05n6rrFGghTnrTREChlc9QCNp9k3yv2JDnt3mmhgvF7SgDPlQjN30occWCFX7TKX0SeOYyEtGYGTfIgd7vhxYn9lJ4oKAdWFyyag09TH2uQboF8DUZi4%2Fg8KcUmexxB%2F6WrTdTaOmKfNgD1HgHc3rUIip1aKJOxhl%2FK2vVvuv24UBvRE8k9cA9IRmUWpABHCRsWHi18byrwhB8loeVL%2B%2FJ0OsbjBfCFm%2Bw6q1MLKL470GOqYBVYJ7J0xnXg6%2FzqB9gfoZM97xPrmQD13S%2F2Fk8gtkTcxCMI3BWSeNqsOoiP1%2Fd0GbOsuEccJaBnW%2B4rCnpLm49esEX6GFb5TSj2RJpw0MiIDCBDehJEL0xBmL41NHVEKuK%2Fj6JCSGHAzPKoaj%2FQs%2BQ0%2BmDRURurQUk6EIMYr867Y%2BX2Rq%2FtjXqF5VR7HKdT0IVHTM96uCnswQE%2FjhiCPclPGbctMWJQ%3D%3D&X-Amz-SignedHeaders=host&X-Amz-Signature=8bd84485039296511ac3a3a8e2470e7ec419baa6f8658ae09039f0b3141f8556,data/logos\Lob_logo.png,Lob,"['https://www.linkedin.com/company/lob/mycompany/', 'https://www.twitter.com/lob', 'https://www.facebook.com/lob', 'https://www.crunchbase.com/organization/lob', 'https://github.com/lob']",True,industry:automation; location:san-francisco-bay-area,150.0,http://lob.com
,,,,,,,,,,,,,,,,,,,,,Active,S13,,,"Panorama is a fast-growing national technology company focused on improving education. More than 2,000 school systems serving 15 million students across 50 states have adopted our platform to understand students’ academic and social-emotional strengths and to identify those in need of additional support. 

School systems turn to Panorama's suite of tools to ensure that every child gets the support they need, including school climate and social-emotional learning surveys, tiered intervention planning, and professional development.",2012.0,[],"**Panorama Education: Enhancing Student Success**

Founded in 2012 and part of Y Combinator's Batch S13, Panorama Education is a Boston-based tech company on a mission to improve education for every student. They serve over 2,000 school systems across the United States, impacting 15 million students. What do they do? They're in the business of making data actionable in education. Their platform allows educators to gauge students’ academic and social-emotional strengths and identify those needing extra support.

Let’s break it down:

### **What They Offer**

1. **Data Tools:** Panorama provides a suite of tools designed to address various aspects of student support. Through surveys focused on school climate and social-emotional learning, they empower schools to cultivate environments where students can thrive.
   
2. **Multi-Tiered System of Supports (MTSS):** This framework allows schools to develop effective strategies and interventions tailored to various student needs, promoting a more inclusive educational experience.

3. **Professional Development:** They provide ongoing training and support for educators, helping schools become adept at using data to inform their teaching practices and initiatives.

### **Impact on Education**

Panorama's platform not only aggregates data but also supports educators in interpreting it to take meaningful actions. This means quicker decision-making processes and a more responsive educational environment. In fact, using their tools, schools have reported improvements such as:

- **8 percentile points gain in reading** for middle and high school students.
- **33% increase in graduation rates** at participating schools.
- **80% more students feeling a sense of belonging** within their school communities.

### **The Big Picture**

The company’s focus goes beyond metrics—they're about fostering a supportive network between students, families, and school personnel. Their tools aim to engage families as partners in education, which is critical for holistic student development.

### **Team and Leadership**

With a team of about 350 employees, Michael Seibel serves as a Group Partner, lending the weight of Y Combinator's experience to their growth journey.

### **Concluding Thoughts**

Panorama Education exemplifies how technology can transform traditional education practices. By intertwining data with caring, personalized education, they are not just improving individual student outcomes but reshaping how schools can engage with their entire student body. If you want to see their impact live, don't miss out on their upcoming demos and resources available on their website: [Panorama Education](https://www.panoramaed.com/). 

They’re not just another SaaS company; they’re on a mission to make education equitable and fulfilling for every student.",Michael Seibel,https://www.ycombinator.com/people/michael-seibel,Improving education for every student.,https://www.ycombinator.com/companies/panorama-education,Boston,https://bookface-images.s3.us-west-2.amazonaws.com/logos/03d6b803ed9272d535c62800e71824987f5ab08b.png?X-Amz-Algorithm=AWS4-HMAC-SHA256&X-Amz-Credential=ASIAQC4NIECAKBB576US%2F20250221%2Fus-west-2%2Fs3%2Faws4_request&X-Amz-Date=20250221T191621Z&X-Amz-Expires=3600&X-Amz-Security-Token=IQoJb3JpZ2luX2VjELP%2F%2F%2F%2F%2F%2F%2F%2F%2F%2FwEaCXVzLXdlc3QtMiJHMEUCIFRjVxB%2FHxIJHUHkMazoRi02jYmaJVJGr3K7C9j9jiflAiEA6iszI4%2Fpn8hDzk7aMP6LlnqynbPgCG20CpdZqslTFdsq7gMI3P%2F%2F%2F%2F%2F%2F%2F%2F%2F%2FARAAGgwwMDYyMDE4MTEwNzIiDNVC6v4lNMvTlUOjTyrCA7R4NjcD6pWk9Gjux5NdrMhwU67pNo%2F0JVDzkHcTjBsajnWXpXoyD3m%2FssX0rwYmnUDJB9VTgD%2FW2M8cWxeD93WFxLjs25juzzGj1%2BC1Ky9E0oNPwn5jGw%2BjokWylkxcouU18mjUtP8juH4uF9Xfmm%2FMAgvOPsNSAaYBQ%2BdA5Vwom66MCzynAPEJs6Nqxd5FqtgiiWFRhT5L9g%2FvfLTKqpdIg0XPF6s95lLCtwWDHST72Bn9JVH2zZmqjTgO2sao7Rg4M%2BPIRazg8JhbPoWk6xsB2yfG1f%2Bs8AFVxihyUnQj6TUnhrhezs7WYsaTfaaAoTIzhEsLwJDqBQDSptmSlUj%2BQ3KWwrXpJIm0b1uOmaylnrEpn5obECdRc%2FzdEfNt6DNEE5cbUhQo8Gjfd6MWfyV7JHtX7DwsLMssQPKNZ6qWJq2gP1fVHFkz5K0F%2F73p54AKB5gCkyOeRPJHmAzYMdfZpMF%2B8hE4eZU6k7m1EqPLEW2F9HVvcqPFp8T%2BZgbbDLBVWICSdX%2FfJ%2BniwyC72aHLaqjCxHLvJ6WyAawaepaDD9csEvz4DYD9lpHx9hJXqrFDyrT1vAaaBwuoXgulZ6gNmjCmiuO9BjqlATnnhPFnQUT7QmhXwrAFbGCqdgkRFIVCdDrNmasZJtz86frmIpB%2BlwZjavL0FMq46mN9RKFTuRNdMnOtOh1adMI%2BkC%2F%2Bs3m8pwR56JxErG%2B8nIBe7efeu5WiUZbGCsp85oXBCGY%2FoP1uWrJo843L0LVdmjtyXaDurxXSgzfeZo2RDONME7LNkPzuGzA19XefIc9OvA1QFcZr3VIdZe%2BLywfFgDpgwA%3D%3D&X-Amz-SignedHeaders=host&X-Amz-Signature=0262e9cd49e66ad08ac36a49a838ddc1cea7acd5e2a67a0737de4573b3554057,data/logos\Panorama_Education_logo.png,Panorama Education,"['https://www.linkedin.com/company/panorama-education', 'https://twitter.com/PanoramaEd', 'https://www.facebook.com/PanoramaEd', 'https://www.crunchbase.com/organization/panorama-education', 'https://github.com/panorama-ed']",True,industry:education; industry:saas; industry:b2b; location:boston,350.0,https://www.panoramaed.com/
,,,,,,,,,,,,,,,,,,,,,Active,S13,,,"Reebee is the best way to browse and distribute flyers. 

The reebee mobile application makes it easy for customers to browse and discover local flyers, stay organized with an integrated shopping list, search products and much more. 

Available for free in Canada on the Apple App Store, Google Play, and BlackBerry World. 

Reebee specializes in targeted flyer distribution, engaging the consumer audience through a rich mobile experience.

Digital distribution not only fills in the voids of physical distribution, but it also reaches a new audience with distinctly measurable results. Track consumer buying signals like never before.",,"[{'name': 'Tobiasz Dankiewicz', 'description': 'Co-founded reebee in 2012, exited in 2022. Interested in building marketplaces and technologies that improve peoples lives.', 'linkedin': 'https://linkedin.com/in/tobiaszdankiewicz'}, {'name': 'Michal Martyniak', 'description': None, 'linkedin': None}]","**Reebee Overview**

Reebee is a Canadian company based in Kitchener, specializing in targeted digital flyer distribution through its mobile app. Initially launched with the promise of being “the best way to browse and distribute flyers,” Reebee has evolved into a rich platform that enhances the shopping experience.

**Mission and Offerings**

The backbone of Reebee’s offering is its app, which enables users to easily browse local flyers, stay organized with an integrated shopping list, and search for products. Think of it as your digital guide for navigating the world of shopping flyers and savings. With Reebee, you not only find deals, but you can also track consumer buying signals in a way that traditional physical flyers simply can't match. This digital shift expands the reach of flyer distribution while providing measurable results for users and businesses alike.

**Accessibility and Availability**

Reebee’s app is available for free on major platforms including the Apple App Store, Google Play, and BlackBerry World, making it accessible to a wide array of users across Canada. As consumers increasingly turn to their mobile devices for shopping, Reebee stands as a modern solution for deal-seekers.

**Team and Background**

Founded in 2013 and part of Y Combinator’s S13 batch, Reebee operates with a nimble team of 11 employees. Their innovative approach to digital distribution allows them to tap into the potential audience that traditional flyers miss out on.

In the competitive marketplace of shopping apps, Reebee focuses on creating an engaging mobile experience that not only serves consumers but also assists retailers in reaching their target audience effectively.

**Conclusion**

Whether you're a bargain hunter or someone looking to streamline your shopping list, Reebee has the tools to help you save time and money. Their focus on digital innovation is not just a reaction to current trends but a strategic move towards a more connected shopping experience. For more information, visit [Reebee’s website](http://reebee.com).",,,Flyer app.,https://www.ycombinator.com/companies/reebee,"Kitchener, Canada",/logos/medium/missing.png,,Reebee,['https://www.crunchbase.com/organization/reebee'],True,industry:travel,11.0,http://reebee.com
,,,,,,,,,,,,,,,,,,,,,Active,S13,,,"True Link exists to provide life-changing financial solutions for people with complex needs and the people who care for them. We founded the company to make life better for our own loved ones, and we’re honored to serve vulnerable elders, people with disabilities, and people in recovery – and their families and professional caregivers – day in and day out.

We’re a caring, diverse, values-driven company, with customers who say things like, “Your company saved my marriage,” “If not for True Link my Son would have returned to substance use,” and “This is the single best product I have ever experienced.” We’re a fast-growing fintech startup that also gets to provide our customers a life-changing solution to some of the most deeply personal, important problems in their lives.",2012.0,"[{'name': 'Claire McDonnell, Founder/COO', 'description': 'I build products and organizations that solve important problems in the world. I’ve scaled True Link from two co-founders to 100+ people, from seed stage to $70M+ raised, from ramen noodles to profitable. As COO and President, I’ve led the Product, Engineering, Design, Sales, Marketing, Success, and Support functions for 10 years with an average of 80%+ growth per year and a net promoter score of 80.', 'linkedin': 'https://www.linkedin.com/in/clairemcdonnell/'}, {'name': 'Kai Stinchcombe, Founder/CEO', 'description': None, 'linkedin': 'https://www.linkedin.com/in/kaistinchcombe'}]","True Link is a fintech company founded in 2012 and based in San Francisco. With a mission to provide financial services for caregivers of people with complex needs, True Link was born out of a desire to improve the lives of vulnerable populations, including elders, people with disabilities, and those in recovery. As a participant in Y Combinator’s Batch S13, True Link has rapidly grown to serve over 250,000 families and partnered with more than 300 nonprofits.

At its core, True Link offers tools designed to prevent fraud and protect the spending habits of those under its care. They provide a Visa prepaid card that allows for customizable spending rules, giving caregivers both transparency and control over the financial activities of their loved ones. This way, caregivers can set specific spending limits, receive real-time alerts, and safeguard their loved ones against financial exploitation—a substantial relief for all involved.

True Link has proven its impact, with clients sharing testimonials about how their services have positively transformed family dynamics and protected those who rely on their support. The company employs around 100 people and has accumulated substantial management assets, with over $1 billion managed by its advisory services.

Leadership under Michael Seibel and a commitment to core values drive True Link's mission. Their reputation for quality service is reflected in a remarkable 97% customer recommendation rate, underscoring how they succeed in creating meaningful solutions that foster independence and security for some of society’s most vulnerable members.

You can learn more about True Link and their offerings at [truelinkfinancial.com](https://www.truelinkfinancial.com).",Michael Seibel,https://www.ycombinator.com/people/michael-seibel,Financial Services for Financial Caregivers.,https://www.ycombinator.com/companies/true-link,San Francisco,https://bookface-images.s3.us-west-2.amazonaws.com/logos/01441538a35d182d1a2ac5a8dbf35f0cab95fe03.png?X-Amz-Algorithm=AWS4-HMAC-SHA256&X-Amz-Credential=ASIAQC4NIECAEHIR6H6F%2F20250221%2Fus-west-2%2Fs3%2Faws4_request&X-Amz-Date=20250221T192030Z&X-Amz-Expires=3600&X-Amz-Security-Token=IQoJb3JpZ2luX2VjELP%2F%2F%2F%2F%2F%2F%2F%2F%2F%2FwEaCXVzLXdlc3QtMiJIMEYCIQDt736ZW5EfzagAz1eKRSs%2FW4TfHu28RBSFaRNkZ9h47gIhANt6WXtwkgL07bQKDKYDGFxYKx7WOO9JX0BqaYrXnKNbKu4DCNz%2F%2F%2F%2F%2F%2F%2F%2F%2F%2FwEQABoMMDA2MjAxODExMDcyIgx8TqkMwTM2PLcRmr4qwgPGGtQBXv7gs7%2BXGteI1gQk%2FjkbIHwQ5hCKXJKVmVAPw3MeVLhZyp8Nf5%2FYigbwE%2BrFR7aZWKjrs7HxAE0JWit5dlINZLjZK%2BS%2FwMaCqoj%2BFDN0gw9iiAPu4Xn5c3b%2BuZe%2F5%2Flfk0EuxZAXVsZtShxXZy%2FERPQ0v%2FRZxSz5qUoaXpL1zj6VWdWVzoI7%2FPlB3bgJ2PpiF7DN%2BJeDsJPx%2FoKTo5ehP9pOeGbMNxoeegVJsCJ3zvzO3o4fcZYIf6c5iIJwM1Ot3Gg7Z3v9oLZjSRU%2FaRLL5j4n3II7DaroOCEVfPlWzTyZM7SNFZZAFSKM8vLKj1VdTr9s3How41zluf%2FOIp7sGNhG%2FjuYJoG%2FmkLFIlYP4wbGrLO69AWnenZyfi1UhAiV6N%2BlAqGnqvpOJh4vq8uNh2eRnXR%2BMVXdq9oVYkm7XFgprL5PDC4ULLyBWqA6kca4z7F4H56nkT%2FsDtT8ek2VOIRIv1Zgcz%2BeeVG7F7AHS4bdbR6eZ3ChY1iQhfPBErh4OiFQM7IqiUKw%2B1CTpvL68xcVN5gjiaDH0Jotw%2BUcW9dMSg9py8xH8qgyiWG5w3dDj9xaoA2G3NMYq6JOGKMwwIrjvQY6pAHDH54nhADhmb7YSEGxHkL3pqs%2B6aYOExStWbzLKzRb3lb2DAgGG8uU9COt8%2FqUEOtOcszTKp7yuCJwMVkfI7PDZ74h9uiRkRxjtH7%2BLlE1xrfd%2FrIq%2B%2BZr9hSFqZ9MUQ4yNHesyx2FYDbsIfCW9ntlrpmZUHCcrzpQDfufsAFcpe%2FudVT3tUqiF8WCN1Vd%2Bx%2FQ9d3i1HvBcJWV9AYAwM0W22VM%2BA%3D%3D&X-Amz-SignedHeaders=host&X-Amz-Signature=89748c8e4eca2719d7debf48db59ded3ce58e086b90af66b85feab1bd2956ce5,data/logos\True_Link_logo.png,True Link,"['https://www.linkedin.com/company/2959019', 'https://twitter.com/truelinkfin', 'https://www.facebook.com/truelinkfin/', 'https://www.crunchbase.com/organization/true-link-financial', 'https://github.com/TrueLinkFinancial']",True,industry:fintech; location:san-francisco-bay-area,100.0,https://www.truelinkfinancial.com/
,,,,,,,,,,,,,,,,,,,,,Active,S13,,,"Webflow is the leading no-code visual web development platform. It seamlessly generates sophisticated code so anyone can build powerful web-based businesses and adapt to changes without developers or months of building. 

From entrepreneurs and creative agencies to Fortune 500 companies, Webflow makes the internet a more inclusive place by making the tools to build on it more accessible to more people, fueling business growth. Webflow powers websites for innovators like Discord, Monday.com, IDEO, Orange Theory Fitness, TED, and Dropbox. 

Webflow is backed by Y Combinator, Accel, CapitalG, Silversmith, and other awesome investors.",2013.0,[],"**Webflow Overview**

Founded in 2013 and part of Y Combinator’s Batch S13, Webflow is revolutionizing the way we think about web design and development. Positioned in the bustling tech hub of San Francisco, Webflow has grown to a formidable team of 600 talented individuals. Its mission? To provide a professional website design and publishing platform that makes the web more accessible and inclusive.

**What is Webflow?**

At its core, Webflow is a leading no-code visual web development platform that enables users to create complex, sophisticated websites without needing extensive coding knowledge. It’s a game-changer for entrepreneurs, creative agencies, and even Fortune 500 companies, seamlessly generating clean, production-ready code. This allows users to build powerful web-based businesses, adapt to changing needs quickly, and do all this without relying heavily on developers.

Prominent clients like Discord, Monday.com, IDEO, TED, and Dropbox demonstrate Webflow's effectiveness and appeal in the marketplace. The platform attracts all kinds of users by offering powerful tools to design, publish, and manage websites. Plus, thanks to its backing from investors like Y Combinator, Accel, and more, Webflow has a robust financial foundation to continue innovating.

**Key Features**

Webflow offers a comprehensive suite of features that cater to designers, marketers, and developers alike. Here's what you can expect from their platform:

- **Design & Build**: Users can control HTML, CSS, and JavaScript in a visual editing interface. This democratizes design, allowing teams with varying skill levels to contribute effectively.
  
- **Content Management**: Webflow’s CMS lets you manage content at scale, enabling straightforward publishing and editing processes. You can customize site experiences for global audiences and ensure security throughout.

- **Optimization & Analysis**: Analyze your site's performance with built-in analytics tools. Optimize for conversions via A/B testing and SEO tools designed for growth.

- **Integration & Scalability**: Easily integrate with apps and connect to existing tech stacks with powerful APIs, while ensuring secure, reliable hosting to scale your operations without a hitch.

**Solutions for Everyone**

Webflow provides specialized solutions tailored for various user types, from freelancers to enterprises. This flexibility allows each segment to maximize its potential using the platform.

- **Freelancers**: Simplified site building for client projects.
- **Agencies**: Accelerate growth and streamline services.
- **Startups and Enterprises**: Move quickly and efficiently with enterprise-level stability and support.

**The Learning Curve**

Webflow also recognizes the necessity of ongoing education. They offer resources like Webflow University, where budding designers and developers can learn about both web design and the platform itself.

**Conclusion**

With over 3 million sites powered by Webflow, it's solidifying its role as a leader in web design and development. Whether you're an aspiring entrepreneur, a seasoned agency, or a traditional enterprise, Webflow offers a powerful conduit to bring your web ideas to life while enhancing productivity and creativity.

If you’re ready to dive in and see what you can build, start exploring at [Webflow](https://webflow.com).",,,Professional website design and publishing platform.,https://www.ycombinator.com/companies/webflow,San Francisco,https://bookface-images.s3.us-west-2.amazonaws.com/logos/2bae452c700d5f5c45f4f20a43c66ee951f38eb1.png?X-Amz-Algorithm=AWS4-HMAC-SHA256&X-Amz-Credential=ASIAQC4NIECAKBB576US%2F20250221%2Fus-west-2%2Fs3%2Faws4_request&X-Amz-Date=20250221T192057Z&X-Amz-Expires=3600&X-Amz-Security-Token=IQoJb3JpZ2luX2VjELP%2F%2F%2F%2F%2F%2F%2F%2F%2F%2FwEaCXVzLXdlc3QtMiJHMEUCIFRjVxB%2FHxIJHUHkMazoRi02jYmaJVJGr3K7C9j9jiflAiEA6iszI4%2Fpn8hDzk7aMP6LlnqynbPgCG20CpdZqslTFdsq7gMI3P%2F%2F%2F%2F%2F%2F%2F%2F%2F%2FARAAGgwwMDYyMDE4MTEwNzIiDNVC6v4lNMvTlUOjTyrCA7R4NjcD6pWk9Gjux5NdrMhwU67pNo%2F0JVDzkHcTjBsajnWXpXoyD3m%2FssX0rwYmnUDJB9VTgD%2FW2M8cWxeD93WFxLjs25juzzGj1%2BC1Ky9E0oNPwn5jGw%2BjokWylkxcouU18mjUtP8juH4uF9Xfmm%2FMAgvOPsNSAaYBQ%2BdA5Vwom66MCzynAPEJs6Nqxd5FqtgiiWFRhT5L9g%2FvfLTKqpdIg0XPF6s95lLCtwWDHST72Bn9JVH2zZmqjTgO2sao7Rg4M%2BPIRazg8JhbPoWk6xsB2yfG1f%2Bs8AFVxihyUnQj6TUnhrhezs7WYsaTfaaAoTIzhEsLwJDqBQDSptmSlUj%2BQ3KWwrXpJIm0b1uOmaylnrEpn5obECdRc%2FzdEfNt6DNEE5cbUhQo8Gjfd6MWfyV7JHtX7DwsLMssQPKNZ6qWJq2gP1fVHFkz5K0F%2F73p54AKB5gCkyOeRPJHmAzYMdfZpMF%2B8hE4eZU6k7m1EqPLEW2F9HVvcqPFp8T%2BZgbbDLBVWICSdX%2FfJ%2BniwyC72aHLaqjCxHLvJ6WyAawaepaDD9csEvz4DYD9lpHx9hJXqrFDyrT1vAaaBwuoXgulZ6gNmjCmiuO9BjqlATnnhPFnQUT7QmhXwrAFbGCqdgkRFIVCdDrNmasZJtz86frmIpB%2BlwZjavL0FMq46mN9RKFTuRNdMnOtOh1adMI%2BkC%2F%2Bs3m8pwR56JxErG%2B8nIBe7efeu5WiUZbGCsp85oXBCGY%2FoP1uWrJo843L0LVdmjtyXaDurxXSgzfeZo2RDONME7LNkPzuGzA19XefIc9OvA1QFcZr3VIdZe%2BLywfFgDpgwA%3D%3D&X-Amz-SignedHeaders=host&X-Amz-Signature=0ed97e9005d246599c0f3f7c9b034cf0372d50fe0616f3c477a5b900c14fc996,data/logos\Webflow_logo.png,Webflow,"['https://www.linkedin.com/company/webflow-inc-', 'https://twitter.com/webflow', 'https://www.facebook.com/webflow/', 'https://www.crunchbase.com/organization/webflow', 'https://github.com/webflow']",True,industry:saas; industry:design; industry:marketing; location:san-francisco-bay-area,600.0,https://webflow.com
